"State","unemp_pre","unemp_post"
"AL",3.875,4.08333333333333
"AK",6.1,6.31388888888889
"AZ",4.86111111111111,5.52777777777778
"AR",3.62777777777778,4.45555555555555
"CA",4.39444444444444,7.26944444444444
"CO",2.76944444444444,5.13333333333333
"CT",3.96388888888889,6.16666666666667
"DE",3.88055555555555,5.71388888888889
"DC",5.78055555555556,6.5
"FL",3.72222222222222,5.26666666666667
"GA",4.125,4.55277777777778
"HI",2.38055555555556,6.98888888888889
"ID",2.98055555555556,4
"IL",4.44166666666667,6.67222222222222
"IN",3.425,4.78055555555556
"IA",2.77777777777778,3.96388888888889
"KS",3.36666666666667,3.98055555555556
"KY",4.34444444444444,4.99166666666666
"LA",4.86111111111111,5.98611111111111
"ME",3.15,4.23055555555555
"MD",3.75277777777778,4.89444444444444
"MA",3.44722222222222,6.08611111111111
"MI",4.275,6.64444444444444
"MN",3.24722222222222,4.15277777777778
"MS",5.21388888888889,5.71388888888889
"MO",3.41944444444444,4.31944444444445
"MT",3.775,3.95
"NE",2.99444444444444,3.00555555555555
"NV",4.50833333333333,8.56666666666667
"NH",2.66388888888889,4.21388888888889
"NJ",3.99722222222222,6.675
"NM",5.33888888888889,6.35277777777778
"NY",4.21111111111111,7.09444444444444
"NC",4.14444444444445,5.29722222222222
"ND",2.38055555555555,3.39722222222222
"OH",4.51111111111111,5.825
"OK",3.48055555555555,4.45
"OR",3.94166666666667,5.55
"PA",4.55,6.28611111111111
"RI",4.01666666666667,6.03055555555556
"SC",3.44166666666667,4.375
"SD",2.84166666666667,2.85833333333333
"TN",3.52222222222222,5.10277777777778
"TX",3.93333333333333,5.75555555555556
"UT",2.87222222222222,3.32222222222222
"VT",2.51666666666667,3.87222222222222
"VA",3.11666666666667,4.34722222222222
"WA",4.41111111111111,5.98333333333333
"WV",5.08888888888889,5.77777777777778
"WI",3.16388888888889,4.34444444444445
"WY",4.04722222222222,4.61388888888889
NA,9.45833333333333,7.53529411764706
